{"proxies":{"ti.optimizely.TiOptimizelyModule":{"superPackageName":"org.appcelerator.kroll","methods":{"test":{"runOnUiThread":false,"hasInvocation":false,"args":[],"apiName":"test","converter":"org.appcelerator.kroll.KrollConverter","defaultValueProvider":"org.appcelerator.kroll.KrollConverter","name":"__default_name__","returnType":"void"},"initialize":{"runOnUiThread":false,"hasInvocation":false,"args":[{"converter":"org.appcelerator.kroll.KrollConverter","defaultValueProvider":"org.appcelerator.kroll.KrollConverter","name":"key","sourceName":"key","type":"java.lang.String"}],"apiName":"initialize","converter":"org.appcelerator.kroll.KrollConverter","defaultValueProvider":"org.appcelerator.kroll.KrollConverter","name":"__default_name__","returnType":"void"}},"superProxyBindingClassName":"org.appcelerator.kroll.KrollModuleBindingGen","proxyClassName":"TiOptimizelyModule","proxyAttrs":{"propertyAccessors":[],"fullAPIName":"TiOptimizely","name":"TiOptimizely","proxyClassName":"ti.optimizely.TiOptimizelyModule","isTopLevel":false,"id":"ti.optimizely"},"packageName":"ti.optimizely","sourceName":"ti.optimizely.TiOptimizelyModuleBindingGen","isTitaniumSdk":false,"superProxyClassName":"KrollModule","isModule":true,"genClassName":"TiOptimizelyModuleBindingGen","onAppCreate":"onAppCreate"}},"modules":{"ti.optimizely.TiOptimizelyModule":{"apiName":"TiOptimizely"}}}